-- MySQL dump 10.13  Distrib 5.5.60, for debian-linux-gnu (armv8l)
--
-- Host: localhost    Database: noise_canceller
-- ------------------------------------------------------
-- Server version	5.5.60-0+deb8u1

/*!40101 SET @OLD_CHARACTER_SET_CLIENT=@@CHARACTER_SET_CLIENT */;
/*!40101 SET @OLD_CHARACTER_SET_RESULTS=@@CHARACTER_SET_RESULTS */;
/*!40101 SET @OLD_COLLATION_CONNECTION=@@COLLATION_CONNECTION */;
/*!40101 SET NAMES utf8 */;
/*!40103 SET @OLD_TIME_ZONE=@@TIME_ZONE */;
/*!40103 SET TIME_ZONE='+00:00' */;
/*!40014 SET @OLD_UNIQUE_CHECKS=@@UNIQUE_CHECKS, UNIQUE_CHECKS=0 */;
/*!40014 SET @OLD_FOREIGN_KEY_CHECKS=@@FOREIGN_KEY_CHECKS, FOREIGN_KEY_CHECKS=0 */;
/*!40101 SET @OLD_SQL_MODE=@@SQL_MODE, SQL_MODE='NO_AUTO_VALUE_ON_ZERO' */;
/*!40111 SET @OLD_SQL_NOTES=@@SQL_NOTES, SQL_NOTES=0 */;

--
-- Table structure for table `admin_schedules`
--

DROP TABLE IF EXISTS `admin_schedules`;
/*!40101 SET @saved_cs_client     = @@character_set_client */;
/*!40101 SET character_set_client = utf8 */;
CREATE TABLE `admin_schedules` (
  `id` decimal(10,0) NOT NULL,
  `off_day_1` char(3) DEFAULT NULL,
  `off_day_2` char(3) DEFAULT NULL,
  PRIMARY KEY (`id`)
) ENGINE=InnoDB DEFAULT CHARSET=latin1;
/*!40101 SET character_set_client = @saved_cs_client */;

--
-- Dumping data for table `admin_schedules`
--

LOCK TABLES `admin_schedules` WRITE;
/*!40000 ALTER TABLE `admin_schedules` DISABLE KEYS */;
INSERT INTO `admin_schedules` VALUES (1,'sat','sun'),(2,'mon','tue'),(3,'wed','thu');
/*!40000 ALTER TABLE `admin_schedules` ENABLE KEYS */;
UNLOCK TABLES;

--
-- Table structure for table `administrators`
--

DROP TABLE IF EXISTS `administrators`;
/*!40101 SET @saved_cs_client     = @@character_set_client */;
/*!40101 SET character_set_client = utf8 */;
CREATE TABLE `administrators` (
  `email` varchar(30) NOT NULL,
  `fname` varchar(30) DEFAULT NULL,
  `lname` varchar(30) DEFAULT NULL,
  `schedule_id` decimal(10,0) NOT NULL,
  `mgr_email` varchar(30) DEFAULT NULL,
  PRIMARY KEY (`email`),
  KEY `FK_admin_mgr_emails` (`mgr_email`),
  KEY `FK_admin_schedule` (`schedule_id`),
  CONSTRAINT `FK_admin_mgr_emails` FOREIGN KEY (`mgr_email`) REFERENCES `administrators` (`email`),
  CONSTRAINT `FK_admin_schedule` FOREIGN KEY (`schedule_id`) REFERENCES `admin_schedules` (`id`)
) ENGINE=InnoDB DEFAULT CHARSET=latin1;
/*!40101 SET character_set_client = @saved_cs_client */;

--
-- Dumping data for table `administrators`
--

LOCK TABLES `administrators` WRITE;
/*!40000 ALTER TABLE `administrators` DISABLE KEYS */;
INSERT INTO `administrators` VALUES ('bob@ncs.com','Bob','Newton',2,'boss@ncs.com'),('boss@ncs.com','Alice','Harper',1,NULL),('Charlie@ncs.com','Charlie','Euclid',3,'boss@ncs.com'),('Eve@ncs.com','Eve','Dykstra',1,'boss@ncs.com'),('Oscar@ncs.com','Oscar','Turing',2,'boss@ncs.com');
/*!40000 ALTER TABLE `administrators` ENABLE KEYS */;
UNLOCK TABLES;

--
-- Table structure for table `noise_data`
--

DROP TABLE IF EXISTS `noise_data`;
/*!40101 SET @saved_cs_client     = @@character_set_client */;
/*!40101 SET character_set_client = utf8 */;
CREATE TABLE `noise_data` (
  `start_of_delta` time NOT NULL,
  `end_of_delta` time DEFAULT NULL,
  `avg_noise` decimal(10,0) DEFAULT NULL,
  `max_noise` decimal(10,0) DEFAULT NULL,
  `min_noise` decimal(10,0) DEFAULT NULL,
  PRIMARY KEY (`start_of_delta`)
) ENGINE=InnoDB DEFAULT CHARSET=latin1;
/*!40101 SET character_set_client = @saved_cs_client */;

--
-- Dumping data for table `noise_data`
--

LOCK TABLES `noise_data` WRITE;
/*!40000 ALTER TABLE `noise_data` DISABLE KEYS */;
INSERT INTO `noise_data` VALUES ('13:24:04','13:24:14',46,47,44),('13:24:15','13:24:25',77,137,47),('13:24:26','13:24:36',63,116,46),('13:24:37','13:24:47',179,614,47),('13:24:48','13:24:58',152,255,64),('13:24:59','13:25:09',73,109,49),('13:25:10','13:25:20',172,476,50),('13:25:21','13:25:31',116,358,24),('13:25:32','13:25:42',166,358,50),('13:25:42','13:25:52',131,287,50),('13:25:53','13:26:03',118,391,48),('13:26:04','13:26:14',101,254,49),('13:26:15','13:26:25',73,154,51),('13:26:26','13:26:36',252,355,51),('13:26:37','13:26:47',84,114,52),('13:26:48','13:26:58',232,482,52),('13:26:59','13:27:09',222,519,52),('13:27:10','13:27:20',60,91,51),('13:27:20','13:27:30',74,161,53),('13:27:31','13:27:41',53,55,51),('13:27:42','13:27:52',141,270,53),('13:27:53','13:28:03',142,244,53),('13:28:04','13:28:14',84,179,54),('13:28:15','13:28:25',68,122,54),('13:28:26','13:28:36',122,203,56),('13:28:37','13:28:47',111,335,54),('13:28:48','13:28:58',167,480,55),('13:28:59','13:29:09',111,220,56),('13:29:10','13:29:20',128,313,57),('13:29:20','13:29:30',183,321,57),('13:29:31','13:29:41',77,112,56),('13:29:42','13:29:52',284,739,59),('13:29:53','13:30:03',113,266,55),('13:30:04','13:30:14',76,131,57),('13:30:15','13:30:25',147,222,58),('13:30:26','13:30:36',72,95,58),('13:30:37','13:30:47',65,95,57),('13:30:47','13:30:57',189,439,64);
/*!40000 ALTER TABLE `noise_data` ENABLE KEYS */;
UNLOCK TABLES;

--
-- Table structure for table `noise_readings`
--

DROP TABLE IF EXISTS `noise_readings`;
/*!40101 SET @saved_cs_client     = @@character_set_client */;
/*!40101 SET character_set_client = utf8 */;
CREATE TABLE `noise_readings` (
  `rtime` time NOT NULL,
  `noise_level` decimal(10,0) DEFAULT NULL,
  PRIMARY KEY (`rtime`)
) ENGINE=InnoDB DEFAULT CHARSET=latin1;
/*!40101 SET character_set_client = @saved_cs_client */;

--
-- Dumping data for table `noise_readings`
--

LOCK TABLES `noise_readings` WRITE;
/*!40000 ALTER TABLE `noise_readings` DISABLE KEYS */;
INSERT INTO `noise_readings` VALUES ('13:24:06',44),('13:24:08',46),('13:24:10',47),('13:24:12',47),('13:24:14',46),('13:24:17',137),('13:24:19',109),('13:24:21',47),('13:24:23',47),('13:24:25',48),('13:24:27',58),('13:24:30',46),('13:24:32',52),('13:24:34',46),('13:24:36',116),('13:24:38',47),('13:24:40',49),('13:24:43',107),('13:24:45',614),('13:24:47',78),('13:24:49',64),('13:24:51',144),('13:24:54',108),('13:24:56',189),('13:24:58',255),('13:25:00',49),('13:25:02',56),('13:25:04',103),('13:25:07',49),('13:25:09',109),('13:25:11',50),('13:25:13',222),('13:25:15',476),('13:25:18',63),('13:25:20',53),('13:25:22',105),('13:25:24',24),('13:25:26',358),('13:25:29',48),('13:25:31',48),('13:25:33',358),('13:25:35',50),('13:25:37',55),('13:25:39',235),('13:25:42',132),('13:25:44',50),('13:25:46',67),('13:25:48',124),('13:25:50',131),('13:25:52',287),('13:25:55',48),('13:25:57',51),('13:25:59',52),('13:26:01',391),('13:26:03',49),('13:26:06',51),('13:26:08',49),('13:26:10',254),('13:26:12',103),('13:26:14',51),('13:26:16',51),('13:26:19',154),('13:26:21',52),('13:26:23',59),('13:26:25',51),('13:26:27',51),('13:26:29',217),('13:26:32',294),('13:26:34',346),('13:26:36',355),('13:26:38',114),('13:26:40',91),('13:26:43',52),('13:26:45',111),('13:26:47',52),('13:26:49',186),('13:26:51',221),('13:26:53',52),('13:26:56',222),('13:26:58',482),('13:27:00',78),('13:27:02',519),('13:27:04',370),('13:27:06',91),('13:27:09',52),('13:27:11',51),('13:27:13',52),('13:27:15',54),('13:27:17',91),('13:27:20',53),('13:27:22',161),('13:27:24',53),('13:27:26',53),('13:27:28',53),('13:27:30',53),('13:27:33',54),('13:27:35',55),('13:27:37',53),('13:27:39',51),('13:27:41',53),('13:27:43',236),('13:27:46',88),('13:27:48',53),('13:27:50',270),('13:27:52',58),('13:27:54',54),('13:27:57',53),('13:27:59',221),('13:28:01',244),('13:28:03',142),('13:28:05',179),('13:28:08',54),('13:28:10',80),('13:28:12',56),('13:28:14',55),('13:28:16',56),('13:28:19',54),('13:28:21',55),('13:28:23',55),('13:28:25',122),('13:28:27',203),('13:28:29',131),('13:28:32',57),('13:28:34',56),('13:28:36',164),('13:28:38',55),('13:28:40',54),('13:28:43',55),('13:28:45',335),('13:28:47',57),('13:28:49',70),('13:28:51',82),('13:28:53',152),('13:28:56',480),('13:28:58',55),('13:29:00',220),('13:29:02',111),('13:29:04',56),('13:29:06',111),('13:29:09',57),('13:29:11',313),('13:29:13',87),('13:29:15',126),('13:29:17',57),('13:29:20',57),('13:29:22',201),('13:29:24',321),('13:29:26',278),('13:29:28',57),('13:29:30',58),('13:29:33',56),('13:29:35',105),('13:29:37',57),('13:29:39',112),('13:29:41',57),('13:29:43',211),('13:29:46',739),('13:29:48',60),('13:29:50',59),('13:29:52',354),('13:29:54',55),('13:29:57',57),('13:29:59',111),('13:30:01',77),('13:30:03',266),('13:30:05',131),('13:30:07',58),('13:30:10',77),('13:30:12',58),('13:30:14',57),('13:30:16',222),('13:30:18',58),('13:30:20',168),('13:30:23',127),('13:30:25',161),('13:30:27',95),('13:30:29',93),('13:30:31',58),('13:30:34',58),('13:30:36',59),('13:30:38',59),('13:30:40',59),('13:30:42',95),('13:30:44',59),('13:30:47',57),('13:30:49',64),('13:30:51',108),('13:30:53',115),('13:30:55',439),('13:30:57',222),('13:31:00',60),('13:31:02',119),('13:31:04',152),('13:31:06',123);
/*!40000 ALTER TABLE `noise_readings` ENABLE KEYS */;
UNLOCK TABLES;

--
-- Table structure for table `notifications`
--

DROP TABLE IF EXISTS `notifications`;
/*!40101 SET @saved_cs_client     = @@character_set_client */;
/*!40101 SET character_set_client = utf8 */;
CREATE TABLE `notifications` (
  `ntime` time NOT NULL,
  `admin_email` varchar(30) NOT NULL,
  `temperature` decimal(10,0) DEFAULT NULL,
  `humidity` decimal(10,0) DEFAULT NULL,
  `fan_level` decimal(10,0) DEFAULT NULL,
  PRIMARY KEY (`ntime`,`admin_email`),
  KEY `FK_notify_admin` (`admin_email`),
  CONSTRAINT `FK_notify_admin` FOREIGN KEY (`admin_email`) REFERENCES `administrators` (`email`)
) ENGINE=InnoDB DEFAULT CHARSET=latin1;
/*!40101 SET character_set_client = @saved_cs_client */;

--
-- Dumping data for table `notifications`
--

LOCK TABLES `notifications` WRITE;
/*!40000 ALTER TABLE `notifications` DISABLE KEYS */;
INSERT INTO `notifications` VALUES ('13:26:47','boss@ncs.com',26,95,0),('13:26:47','Charlie@ncs.com',26,95,0),('13:26:47','Eve@ncs.com',26,95,0),('13:27:52','boss@ncs.com',26,50,0),('13:27:52','Charlie@ncs.com',26,50,0),('13:27:52','Eve@ncs.com',26,50,0),('13:28:03','boss@ncs.com',25,48,0),('13:28:03','Charlie@ncs.com',25,48,0),('13:28:03','Eve@ncs.com',25,48,0),('13:30:03','boss@ncs.com',25,64,0),('13:30:03','Charlie@ncs.com',25,64,0),('13:30:03','Eve@ncs.com',25,64,0);
/*!40000 ALTER TABLE `notifications` ENABLE KEYS */;
UNLOCK TABLES;

--
-- Table structure for table `ths_readings`
--

DROP TABLE IF EXISTS `ths_readings`;
/*!40101 SET @saved_cs_client     = @@character_set_client */;
/*!40101 SET character_set_client = utf8 */;
CREATE TABLE `ths_readings` (
  `rtime` time NOT NULL,
  `temperature` decimal(10,0) DEFAULT NULL,
  `humidity` decimal(10,0) DEFAULT NULL,
  PRIMARY KEY (`rtime`)
) ENGINE=InnoDB DEFAULT CHARSET=latin1;
/*!40101 SET character_set_client = @saved_cs_client */;

--
-- Dumping data for table `ths_readings`
--

LOCK TABLES `ths_readings` WRITE;
/*!40000 ALTER TABLE `ths_readings` DISABLE KEYS */;
INSERT INTO `ths_readings` VALUES ('13:24:06',0,0),('13:24:08',20,57),('13:24:10',21,55),('13:24:12',21,55),('13:24:14',21,55),('13:24:17',21,55),('13:24:19',21,55),('13:24:21',21,55),('13:24:23',21,55),('13:24:25',21,55),('13:24:27',21,55),('13:24:30',-21,55),('13:24:32',21,55),('13:24:34',21,61),('13:24:36',21,81),('13:24:38',21,89),('13:24:40',22,95),('13:24:43',22,95),('13:24:45',22,95),('13:24:47',22,95),('13:24:49',22,95),('13:24:51',22,94),('13:24:54',22,85),('13:24:56',22,82),('13:24:58',22,80),('13:25:00',22,76),('13:25:02',22,76),('13:25:04',22,71),('13:25:07',22,77),('13:25:09',22,74),('13:25:11',22,75),('13:25:13',22,73),('13:25:15',23,74),('13:25:18',23,71),('13:25:20',23,72),('13:25:22',23,70),('13:25:24',23,68),('13:25:26',23,66),('13:25:29',23,65),('13:25:31',23,62),('13:25:33',23,61),('13:25:35',23,60),('13:25:37',23,58),('13:25:39',23,58),('13:25:42',23,57),('13:25:44',23,56),('13:25:46',23,74),('13:25:50',23,93),('13:25:52',23,95),('13:25:55',23,95),('13:25:57',23,95),('13:25:59',23,95),('13:26:01',23,95),('13:26:03',24,95),('13:26:06',24,95),('13:26:08',24,95),('13:26:10',24,95),('13:26:12',24,95),('13:26:14',25,95),('13:26:16',25,95),('13:26:19',25,95),('13:26:21',25,95),('13:26:23',25,95),('13:26:25',25,95),('13:26:27',25,95),('13:26:29',25,48),('13:26:34',26,95),('13:26:36',26,95),('13:26:38',26,95),('13:26:40',27,95),('13:26:43',27,95),('13:26:45',27,95),('13:26:47',27,95),('13:26:49',27,95),('13:26:51',27,95),('13:26:53',27,95),('13:26:56',27,95),('13:26:58',27,84),('13:27:00',27,76),('13:27:02',27,71),('13:27:04',27,66),('13:27:06',27,63),('13:27:09',27,60),('13:27:11',27,57),('13:27:13',27,55),('13:27:15',27,54),('13:27:17',27,52),('13:27:20',27,51),('13:27:22',27,50),('13:27:26',27,48),('13:27:28',27,48),('13:27:30',27,47),('13:27:33',26,47),('13:27:35',27,47),('13:27:37',26,46),('13:27:39',26,46),('13:27:41',26,49),('13:27:43',26,50),('13:27:46',26,50),('13:27:48',26,51),('13:27:50',26,50),('13:27:52',26,49),('13:27:54',26,49),('13:27:57',26,48),('13:27:59',25,47),('13:28:01',26,48),('13:28:03',26,48),('13:28:05',26,47),('13:28:08',26,47),('13:28:10',25,46),('13:28:12',25,46),('13:28:16',25,48),('13:28:19',25,51),('13:28:21',25,51),('13:28:23',25,51),('13:28:25',25,50),('13:28:27',25,49),('13:28:29',25,51),('13:28:32',25,51),('13:28:34',25,50),('13:28:36',25,50),('13:28:38',24,50),('13:28:40',24,49),('13:28:43',24,49),('13:28:45',25,48),('13:28:47',24,48),('13:28:49',24,48),('13:28:51',24,48),('13:28:53',24,48),('13:28:56',24,48),('13:28:58',24,48),('13:29:00',24,48),('13:29:02',24,48),('13:29:04',24,48),('13:29:06',24,48),('13:29:09',24,48),('13:29:11',24,48),('13:29:13',24,48),('13:29:15',24,50),('13:29:17',24,51),('13:29:22',24,50),('13:29:24',24,50),('13:29:26',24,50),('13:29:28',24,90),('13:29:30',24,95),('13:29:33',24,95),('13:29:35',24,95),('13:29:37',24,95),('13:29:39',25,95),('13:29:41',25,95),('13:29:43',25,95),('13:29:46',25,95),('13:29:48',25,95),('13:29:50',25,87),('13:29:52',25,78),('13:29:54',25,72),('13:29:57',26,68),('13:29:59',26,64),('13:30:01',26,61),('13:30:03',26,59),('13:30:05',25,56),('13:30:07',26,56),('13:30:10',25,53),('13:30:12',25,52),('13:30:14',26,52),('13:30:16',25,51),('13:30:18',25,50),('13:30:20',25,54),('13:30:23',25,54),('13:30:25',25,54),('13:30:27',25,54),('13:30:29',25,54),('13:30:31',25,52),('13:30:34',25,52),('13:30:36',25,54),('13:30:38',25,54),('13:30:40',25,53),('13:30:44',24,55),('13:30:47',25,56),('13:30:49',25,56),('13:30:51',24,56),('13:30:53',24,56),('13:30:55',24,54),('13:30:57',24,53),('13:31:00',24,52),('13:31:02',24,52);
/*!40000 ALTER TABLE `ths_readings` ENABLE KEYS */;
UNLOCK TABLES;

--
-- Table structure for table `wind_data`
--

DROP TABLE IF EXISTS `wind_data`;
/*!40101 SET @saved_cs_client     = @@character_set_client */;
/*!40101 SET character_set_client = utf8 */;
CREATE TABLE `wind_data` (
  `start_of_delta` time NOT NULL,
  `end_of_delta` time DEFAULT NULL,
  `avg_noise` decimal(10,0) DEFAULT NULL,
  `max_noise` decimal(10,0) DEFAULT NULL,
  `min_noise` decimal(10,0) DEFAULT NULL,
  PRIMARY KEY (`start_of_delta`)
) ENGINE=InnoDB DEFAULT CHARSET=latin1;
/*!40101 SET character_set_client = @saved_cs_client */;

--
-- Dumping data for table `wind_data`
--

LOCK TABLES `wind_data` WRITE;
/*!40000 ALTER TABLE `wind_data` DISABLE KEYS */;
INSERT INTO `wind_data` VALUES ('13:24:04','13:24:14',1,9,0),('13:24:15','13:24:25',15,19,11),('13:24:26','13:24:36',9,9,9),('13:24:37','13:24:47',9,13,9),('13:24:48','13:24:58',36,53,13),('13:24:59','13:25:09',51,58,37),('13:25:10','13:25:20',29,32,27),('13:25:21','13:25:31',26,38,4),('13:25:32','13:25:42',4,11,1),('13:25:42','13:25:52',11,11,11),('13:25:53','13:26:03',11,11,11),('13:26:04','13:26:14',11,11,11),('13:26:15','13:26:25',22,35,11),('13:26:26','13:26:36',44,47,41),('13:26:37','13:26:47',33,47,26),('13:26:48','13:26:58',18,26,13),('13:26:59','13:27:09',13,13,13),('13:27:10','13:27:20',27,42,13),('13:27:20','13:27:30',48,60,42),('13:27:31','13:27:41',48,56,44),('13:27:42','13:27:52',42,49,41),('13:27:53','13:28:03',41,41,41),('13:28:04','13:28:14',42,44,41),('13:28:15','13:28:25',44,44,44),('13:28:26','13:28:36',71,93,44),('13:28:37','13:28:47',87,92,76),('13:28:48','13:28:58',39,72,14),('13:28:59','13:29:09',11,24,5),('13:29:10','13:29:20',12,16,11),('13:29:20','13:29:30',6,12,0),('13:29:31','13:29:41',0,0,0),('13:29:42','13:29:52',4,17,0),('13:29:53','13:30:03',1,8,0),('13:30:04','13:30:14',5,6,3),('13:30:15','13:30:25',6,6,6),('13:30:26','13:30:36',7,22,0),('13:30:37','13:30:47',38,49,29),('13:30:47','13:30:57',10,25,0);
/*!40000 ALTER TABLE `wind_data` ENABLE KEYS */;
UNLOCK TABLES;

--
-- Table structure for table `wind_speeds`
--

DROP TABLE IF EXISTS `wind_speeds`;
/*!40101 SET @saved_cs_client     = @@character_set_client */;
/*!40101 SET character_set_client = utf8 */;
CREATE TABLE `wind_speeds` (
  `rtime` time NOT NULL,
  `wind_speed` decimal(10,0) DEFAULT NULL,
  PRIMARY KEY (`rtime`)
) ENGINE=InnoDB DEFAULT CHARSET=latin1;
/*!40101 SET character_set_client = @saved_cs_client */;

--
-- Dumping data for table `wind_speeds`
--

LOCK TABLES `wind_speeds` WRITE;
/*!40000 ALTER TABLE `wind_speeds` DISABLE KEYS */;
INSERT INTO `wind_speeds` VALUES ('13:24:06',0),('13:24:08',0),('13:24:10',0),('13:24:12',0),('13:24:14',9),('13:24:17',11),('13:24:19',14),('13:24:21',18),('13:24:23',19),('13:24:25',13),('13:24:27',9),('13:24:30',9),('13:24:32',9),('13:24:34',9),('13:24:36',9),('13:24:38',9),('13:24:40',9),('13:24:43',9),('13:24:45',9),('13:24:47',13),('13:24:49',13),('13:24:51',33),('13:24:54',38),('13:24:56',43),('13:24:58',53),('13:25:00',54),('13:25:02',55),('13:25:04',55),('13:25:07',58),('13:25:09',37),('13:25:11',32),('13:25:13',30),('13:25:15',29),('13:25:18',27),('13:25:20',27),('13:25:22',27),('13:25:24',35),('13:25:26',38),('13:25:29',29),('13:25:31',4),('13:25:33',5),('13:25:35',1),('13:25:37',1),('13:25:39',3),('13:25:42',11),('13:25:44',11),('13:25:46',11),('13:25:48',11),('13:25:50',11),('13:25:52',11),('13:25:55',11),('13:25:57',11),('13:25:59',11),('13:26:01',11),('13:26:03',11),('13:26:06',11),('13:26:08',11),('13:26:10',11),('13:26:12',11),('13:26:14',11),('13:26:16',11),('13:26:19',12),('13:26:21',21),('13:26:23',31),('13:26:25',35),('13:26:27',41),('13:26:29',43),('13:26:32',45),('13:26:34',45),('13:26:36',47),('13:26:38',47),('13:26:40',42),('13:26:43',26),('13:26:45',26),('13:26:47',26),('13:26:49',26),('13:26:51',26),('13:26:53',13),('13:26:56',13),('13:26:58',13),('13:27:00',13),('13:27:02',13),('13:27:04',13),('13:27:06',13),('13:27:09',13),('13:27:11',13),('13:27:13',13),('13:27:15',28),('13:27:17',42),('13:27:20',41),('13:27:22',57),('13:27:24',60),('13:27:26',43),('13:27:28',42),('13:27:30',42),('13:27:33',44),('13:27:35',46),('13:27:37',47),('13:27:39',47),('13:27:41',56),('13:27:43',49),('13:27:46',41),('13:27:48',41),('13:27:50',41),('13:27:52',41),('13:27:54',41),('13:27:57',41),('13:27:59',41),('13:28:01',41),('13:28:03',41),('13:28:05',41),('13:28:08',41),('13:28:10',44),('13:28:12',44),('13:28:14',44),('13:28:16',44),('13:28:19',44),('13:28:21',44),('13:28:23',44),('13:28:25',44),('13:28:27',44),('13:28:29',53),('13:28:32',74),('13:28:34',93),('13:28:36',93),('13:28:38',92),('13:28:40',92),('13:28:43',92),('13:28:45',84),('13:28:47',76),('13:28:49',72),('13:28:51',59),('13:28:53',35),('13:28:56',17),('13:28:58',14),('13:29:00',5),('13:29:02',10),('13:29:04',9),('13:29:06',9),('13:29:09',24),('13:29:11',11),('13:29:13',11),('13:29:15',11),('13:29:17',11),('13:29:20',16),('13:29:22',11),('13:29:24',11),('13:29:26',12),('13:29:28',0),('13:29:30',0),('13:29:33',0),('13:29:35',0),('13:29:37',0),('13:29:39',0),('13:29:41',0),('13:29:43',0),('13:29:46',0),('13:29:48',17),('13:29:50',4),('13:29:52',0),('13:29:54',8),('13:29:57',0),('13:29:59',0),('13:30:01',0),('13:30:03',0),('13:30:05',3),('13:30:07',5),('13:30:10',6),('13:30:12',6),('13:30:14',6),('13:30:16',6),('13:30:18',6),('13:30:20',6),('13:30:23',6),('13:30:25',6),('13:30:27',6),('13:30:29',0),('13:30:31',0),('13:30:34',7),('13:30:36',22),('13:30:38',29),('13:30:40',29),('13:30:42',42),('13:30:44',49),('13:30:47',45),('13:30:49',25),('13:30:51',0),('13:30:53',25),('13:30:55',0),('13:30:57',0),('13:31:00',0),('13:31:02',0),('13:31:04',0),('13:31:06',0);
/*!40000 ALTER TABLE `wind_speeds` ENABLE KEYS */;
UNLOCK TABLES;
/*!40103 SET TIME_ZONE=@OLD_TIME_ZONE */;

/*!40101 SET SQL_MODE=@OLD_SQL_MODE */;
/*!40014 SET FOREIGN_KEY_CHECKS=@OLD_FOREIGN_KEY_CHECKS */;
/*!40014 SET UNIQUE_CHECKS=@OLD_UNIQUE_CHECKS */;
/*!40101 SET CHARACTER_SET_CLIENT=@OLD_CHARACTER_SET_CLIENT */;
/*!40101 SET CHARACTER_SET_RESULTS=@OLD_CHARACTER_SET_RESULTS */;
/*!40101 SET COLLATION_CONNECTION=@OLD_COLLATION_CONNECTION */;
/*!40111 SET SQL_NOTES=@OLD_SQL_NOTES */;

-- Dump completed on 2018-05-19 13:43:49
